x,y,layer1,layer2,voltage1,voltage2,current
82.9164,310.785,TOPLAYER,INTERNALPLANE1,0.0142576,0.0142553,0.017068
82.9164,310.785,INTERNALPLANE1,INTERNALPLANE2,0.0142553,0.0142254,0.017068
82.9164,310.785,INTERNALPLANE2,BOTTOMLAYER,0.0142254,0.014223,0.017068
82.9164,547.006,TOPLAYER,INTERNALPLANE1,0.0142867,0.0142833,0.0252341
82.9164,547.006,INTERNALPLANE1,INTERNALPLANE2,0.0142833,0.014239,0.0252341
82.9164,547.006,INTERNALPLANE2,BOTTOMLAYER,0.014239,0.0142356,0.0252341
82.9164,783.226,TOPLAYER,INTERNALPLANE1,0.0143551,0.014349,0.0455795
82.9164,783.226,INTERNALPLANE1,INTERNALPLANE2,0.014349,0.014269,0.0455795
82.9164,783.226,INTERNALPLANE2,BOTTOMLAYER,0.014269,0.0142628,0.0455795
82.9164,1019.45,TOPLAYER,INTERNALPLANE1,0.0144201,0.0144114,0.0641693
82.9164,1019.45,INTERNALPLANE1,INTERNALPLANE2,0.0144114,0.0142989,0.0641693
82.9164,1019.45,INTERNALPLANE2,BOTTOMLAYER,0.0142989,0.0142902,0.0641693
82.9164,1255.67,TOPLAYER,INTERNALPLANE1,0.0143859,0.01438,0.0436815
82.9164,1255.67,INTERNALPLANE1,INTERNALPLANE2,0.01438,0.0143034,0.0436815
82.9164,1255.67,INTERNALPLANE2,BOTTOMLAYER,0.0143034,0.0142975,0.0436815
82.9164,1491.89,TOPLAYER,INTERNALPLANE1,0.014338,0.0143351,0.021489
82.9164,1491.89,INTERNALPLANE1,INTERNALPLANE2,0.0143351,0.0142974,0.021489
82.9164,1491.89,INTERNALPLANE2,BOTTOMLAYER,0.0142974,0.0142945,0.021489
82.9164,1728.11,TOPLAYER,INTERNALPLANE1,0.014312,0.0143107,0.00996438
82.9164,1728.11,INTERNALPLANE1,INTERNALPLANE2,0.0143107,0.0142932,0.00996438
82.9164,1728.11,INTERNALPLANE2,BOTTOMLAYER,0.0142932,0.0142919,0.00996438
82.9164,1964.33,TOPLAYER,INTERNALPLANE1,0.0143014,0.0143008,0.00445154
82.9164,1964.33,INTERNALPLANE1,INTERNALPLANE2,0.0143008,0.014293,0.00445154
82.9164,1964.33,INTERNALPLANE2,BOTTOMLAYER,0.014293,0.0142924,0.00445154
82.9164,2200.55,TOPLAYER,INTERNALPLANE1,0.0142991,0.0142989,0.00159628
82.9164,2200.55,INTERNALPLANE1,INTERNALPLANE2,0.0142989,0.0142961,0.00159628
82.9164,2200.55,INTERNALPLANE2,BOTTOMLAYER,0.0142961,0.0142959,0.00159628
82.9164,2436.77,TOPLAYER,INTERNALPLANE1,0.0143019,0.0143018,0.000742729
82.9164,2436.77,INTERNALPLANE1,INTERNALPLANE2,0.0143018,0.0143005,0.000742729
82.9164,2436.77,INTERNALPLANE2,BOTTOMLAYER,0.0143005,0.0143004,0.000742729
82.9164,2672.99,TOPLAYER,INTERNALPLANE1,0.0143064,0.0143063,0.000390213
82.9164,2672.99,INTERNALPLANE1,INTERNALPLANE2,0.0143063,0.0143056,0.000390213
82.9164,2672.99,INTERNALPLANE2,BOTTOMLAYER,0.0143056,0.0143056,0.000390213
82.9164,2909.21,TOPLAYER,INTERNALPLANE1,0.014311,0.0143109,0.000190619
82.9164,2909.21,INTERNALPLANE1,INTERNALPLANE2,0.0143109,0.0143106,0.000190619
82.9164,2909.21,INTERNALPLANE2,BOTTOMLAYER,0.0143106,0.0143106,0.000190619
82.9164,3145.43,TOPLAYER,INTERNALPLANE1,0.0143151,0.014315,0.000110808
82.9164,3145.43,INTERNALPLANE1,INTERNALPLANE2,0.014315,0.0143149,0.000110808
82.9164,3145.43,INTERNALPLANE2,BOTTOMLAYER,0.0143149,0.0143148,0.000110808
82.9164,3381.65,TOPLAYER,INTERNALPLANE1,0.0143183,0.0143183,6.4115e-05
82.9164,3381.65,INTERNALPLANE1,INTERNALPLANE2,0.0143183,0.0143181,6.4115e-05
82.9164,3381.65,INTERNALPLANE2,BOTTOMLAYER,0.0143181,0.0143181,6.4115e-05
82.9164,3617.87,TOPLAYER,INTERNALPLANE1,0.0143204,0.0143204,4.58026e-05
82.9164,3617.87,INTERNALPLANE1,INTERNALPLANE2,0.0143204,0.0143203,4.58026e-05
82.9164,3617.87,INTERNALPLANE2,BOTTOMLAYER,0.0143203,0.0143203,4.58026e-05
146.744,2237.11,TOPLAYER,INTERNALPLANE1,0.0142989,0.0142987,0.00235627
146.744,2237.11,INTERNALPLANE1,INTERNALPLANE2,0.0142987,0.0142967,0.00235627
146.744,2237.11,INTERNALPLANE2,BOTTOMLAYER,0.0142967,0.0142966,0.00235627
146.744,2807.98,TOPLAYER,INTERNALPLANE1,0.0143087,0.0143087,0.000482006
146.744,2807.98,INTERNALPLANE1,INTERNALPLANE2,0.0143087,0.0143083,0.000482006
146.744,2807.98,INTERNALPLANE2,BOTTOMLAYER,0.0143083,0.0143082,0.000482006
319.137,547.006,TOPLAYER,INTERNALPLANE1,0.0142603,0.0142567,0.0259709
319.137,547.006,INTERNALPLANE1,INTERNALPLANE2,0.0142567,0.0142112,0.0259709
319.137,547.006,INTERNALPLANE2,BOTTOMLAYER,0.0142112,0.0142077,0.0259709
319.137,783.226,TOPLAYER,INTERNALPLANE1,0.0143528,0.0143451,0.056953
319.137,783.226,INTERNALPLANE1,INTERNALPLANE2,0.0143451,0.0142451,0.056953
319.137,783.226,INTERNALPLANE2,BOTTOMLAYER,0.0142451,0.0142375,0.056953
319.137,1255.67,TOPLAYER,INTERNALPLANE1,0.0143909,0.0143837,0.0536124
319.137,1255.67,INTERNALPLANE1,INTERNALPLANE2,0.0143837,0.0142896,0.0536124
319.137,1255.67,INTERNALPLANE2,BOTTOMLAYER,0.0142896,0.0142824,0.0536124
319.137,1491.89,TOPLAYER,INTERNALPLANE1,0.0143274,0.0143244,0.0221709
319.137,1491.89,INTERNALPLANE1,INTERNALPLANE2,0.0143244,0.0142855,0.0221709
319.137,1491.89,INTERNALPLANE2,BOTTOMLAYER,0.0142855,0.0142825,0.0221709
319.137,1728.11,TOPLAYER,INTERNALPLANE1,0.0143046,0.0143032,0.0101162
319.137,1728.11,INTERNALPLANE1,INTERNALPLANE2,0.0143032,0.0142855,0.0101162
319.137,1728.11,INTERNALPLANE2,BOTTOMLAYER,0.0142855,0.0142841,0.0101162
319.137,1964.33,TOPLAYER,INTERNALPLANE1,0.0142971,0.0142965,0.00458994
319.137,1964.33,INTERNALPLANE1,INTERNALPLANE2,0.0142965,0.0142884,0.00458994
319.137,1964.33,INTERNALPLANE2,BOTTOMLAYER,0.0142884,0.0142878,0.00458994
319.137,2200.55,TOPLAYER,INTERNALPLANE1,0.0142967,0.0142965,0.00165062
319.137,2200.55,INTERNALPLANE1,INTERNALPLANE2,0.0142965,0.0142936,0.00165062
319.137,2200.55,INTERNALPLANE2,BOTTOMLAYER,0.0142936,0.0142933,0.00165062
319.137,2436.77,TOPLAYER,INTERNALPLANE1,0.0143014,0.0143012,0.000993264
319.137,2436.77,INTERNALPLANE1,INTERNALPLANE2,0.0143012,0.0142995,0.000993264
319.137,2436.77,INTERNALPLANE2,BOTTOMLAYER,0.0142995,0.0142994,0.000993264
319.137,2672.99,TOPLAYER,INTERNALPLANE1,0.0143066,0.0143066,0.000563449
319.137,2672.99,INTERNALPLANE1,INTERNALPLANE2,0.0143066,0.0143056,0.000563449
319.137,2672.99,INTERNALPLANE2,BOTTOMLAYER,0.0143056,0.0143055,0.000563449
319.137,2909.21,TOPLAYER,INTERNALPLANE1,0.0143116,0.0143116,0.000273756
319.137,2909.21,INTERNALPLANE1,INTERNALPLANE2,0.0143116,0.0143111,0.000273756
319.137,2909.21,INTERNALPLANE2,BOTTOMLAYER,0.0143111,0.014311,0.000273756
319.137,3145.43,TOPLAYER,INTERNALPLANE1,0.0143159,0.0143158,0.000131859
319.137,3145.43,INTERNALPLANE1,INTERNALPLANE2,0.0143158,0.0143156,0.000131859
319.137,3145.43,INTERNALPLANE2,BOTTOMLAYER,0.0143156,0.0143156,0.000131859
319.137,3381.65,TOPLAYER,INTERNALPLANE1,0.0143192,0.0143192,7.24404e-05
319.137,3381.65,INTERNALPLANE1,INTERNALPLANE2,0.0143192,0.0143191,7.24404e-05
319.137,3381.65,INTERNALPLANE2,BOTTOMLAYER,0.0143191,0.0143191,7.24404e-05
319.137,3617.87,TOPLAYER,INTERNALPLANE1,0.0143214,0.0143214,5.14106e-05
319.137,3617.87,INTERNALPLANE1,INTERNALPLANE2,0.0143214,0.0143213,5.14106e-05
319.137,3617.87,INTERNALPLANE2,BOTTOMLAYER,0.0143213,0.0143213,5.14106e-05
379.669,2238.84,TOPLAYER,INTERNALPLANE1,0.0142963,0.0142961,0.00190778
379.669,2238.84,INTERNALPLANE1,INTERNALPLANE2,0.0142961,0.014294,0.00190778
379.669,2238.84,INTERNALPLANE2,BOTTOMLAYER,0.014294,0.0142939,0.00190778
379.669,2809.7,TOPLAYER,INTERNALPLANE1,0.0143095,0.0143094,0.000762538
379.669,2809.7,INTERNALPLANE1,INTERNALPLANE2,0.0143094,0.0143086,0.000762538
379.669,2809.7,INTERNALPLANE2,BOTTOMLAYER,0.0143086,0.0143085,0.000762538
525.829,743.856,TOPLAYER,INTERNALPLANE1,3.23035,3.23048,-1
525.829,743.856,INTERNALPLANE1,INTERNALPLANE2,3.23048,3.23224,-1
525.829,743.856,INTERNALPLANE2,BOTTOMLAYER,3.23224,3.23237,-1
555.357,310.785,TOPLAYER,INTERNALPLANE1,0.0142248,0.014223,0.0136956
555.357,310.785,INTERNALPLANE1,INTERNALPLANE2,0.014223,0.014199,0.0136956
555.357,310.785,INTERNALPLANE2,BOTTOMLAYER,0.014199,0.0141971,0.0136956
555.357,547.006,TOPLAYER,INTERNALPLANE1,0.0141655,0.0141627,0.0207834
555.357,547.006,INTERNALPLANE1,INTERNALPLANE2,0.0141627,0.0141262,0.0207834
555.357,547.006,INTERNALPLANE2,BOTTOMLAYER,0.0141262,0.0141234,0.0207834
555.357,1019.45,TOPLAYER,INTERNALPLANE1,0.0143362,0.0143286,0.0559929
555.357,1019.45,INTERNALPLANE1,INTERNALPLANE2,0.0143286,0.0142304,0.0559929
555.357,1019.45,INTERNALPLANE2,BOTTOMLAYER,0.0142304,0.0142228,0.0559929
555.357,1255.67,TOPLAYER,INTERNALPLANE1,0.0143142,0.0143096,0.0343017
555.357,1255.67,INTERNALPLANE1,INTERNALPLANE2,0.0143096,0.0142494,0.0343017
555.357,1255.67,INTERNALPLANE2,BOTTOMLAYER,0.0142494,0.0142448,0.0343017
555.357,1491.89,TOPLAYER,INTERNALPLANE1,0.0142967,0.0142942,0.0188656
555.357,1491.89,INTERNALPLANE1,INTERNALPLANE2,0.0142942,0.0142611,0.0188656
555.357,1491.89,INTERNALPLANE2,BOTTOMLAYER,0.0142611,0.0142585,0.0188656
555.357,1728.11,TOPLAYER,INTERNALPLANE1,0.0142884,0.0142872,0.00946347
555.357,1728.11,INTERNALPLANE1,INTERNALPLANE2,0.0142872,0.0142705,0.00946347
555.357,1728.11,INTERNALPLANE2,BOTTOMLAYER,0.0142705,0.0142693,0.00946347
555.357,1964.33,TOPLAYER,INTERNALPLANE1,0.0142885,0.0142879,0.00457573
555.357,1964.33,INTERNALPLANE1,INTERNALPLANE2,0.0142879,0.0142799,0.00457573
555.357,1964.33,INTERNALPLANE2,BOTTOMLAYER,0.0142799,0.0142793,0.00457573
555.357,2200.55,TOPLAYER,INTERNALPLANE1,0.0142928,0.0142925,0.00197381
555.357,2200.55,INTERNALPLANE1,INTERNALPLANE2,0.0142925,0.014289,0.00197381
555.357,2200.55,INTERNALPLANE2,BOTTOMLAYER,0.014289,0.0142888,0.00197381
555.357,2436.77,TOPLAYER,INTERNALPLANE1,0.0142991,0.014299,0.000776243
555.357,2436.77,INTERNALPLANE1,INTERNALPLANE2,0.014299,0.0142977,0.000776243
555.357,2436.77,INTERNALPLANE2,BOTTOMLAYER,0.0142977,0.0142975,0.000776243
555.357,2672.99,TOPLAYER,INTERNALPLANE1,0.0143066,0.0143065,0.000528327
555.357,2672.99,INTERNALPLANE1,INTERNALPLANE2,0.0143065,0.0143056,0.000528327
555.357,2672.99,INTERNALPLANE2,BOTTOMLAYER,0.0143056,0.0143055,0.000528327
555.357,2909.21,TOPLAYER,INTERNALPLANE1,0.0143128,0.0143127,0.000300854
555.357,2909.21,INTERNALPLANE1,INTERNALPLANE2,0.0143127,0.0143122,0.000300854
555.357,2909.21,INTERNALPLANE2,BOTTOMLAYER,0.0143122,0.0143121,0.000300854
555.357,3145.43,TOPLAYER,INTERNALPLANE1,0.0143177,0.0143177,0.000146067
555.357,3145.43,INTERNALPLANE1,INTERNALPLANE2,0.0143177,0.0143174,0.000146067
555.357,3145.43,INTERNALPLANE2,BOTTOMLAYER,0.0143174,0.0143174,0.000146067
555.357,3381.65,TOPLAYER,INTERNALPLANE1,0.0143214,0.0143214,8.01349e-05
555.357,3381.65,INTERNALPLANE1,INTERNALPLANE2,0.0143214,0.0143212,8.01349e-05
555.357,3381.65,INTERNALPLANE2,BOTTOMLAYER,0.0143212,0.0143212,8.01349e-05
791.578,547.006,TOPLAYER,INTERNALPLANE1,0.0139945,0.013991,0.025404
791.578,547.006,INTERNALPLANE1,INTERNALPLANE2,0.013991,0.0139465,0.025404
791.578,547.006,INTERNALPLANE2,BOTTOMLAYER,0.0139465,0.013943,0.025404
791.578,783.226,TOPLAYER,INTERNALPLANE1,0.0140225,0.0140281,-0.0414456
791.578,783.226,INTERNALPLANE1,INTERNALPLANE2,0.0140281,0.0141008,-0.0414456
791.578,783.226,INTERNALPLANE2,BOTTOMLAYER,0.0141008,0.0141064,-0.0414456
791.578,1019.45,TOPLAYER,INTERNALPLANE1,0.014214,0.0142103,0.0277647
791.578,1019.45,INTERNALPLANE1,INTERNALPLANE2,0.0142103,0.0141615,0.0277647
791.578,1019.45,INTERNALPLANE2,BOTTOMLAYER,0.0141615,0.0141578,0.0277647
791.578,1255.67,TOPLAYER,INTERNALPLANE1,0.0142544,0.0142506,0.027977
791.578,1255.67,INTERNALPLANE1,INTERNALPLANE2,0.0142506,0.0142015,0.027977
791.578,1255.67,INTERNALPLANE2,BOTTOMLAYER,0.0142015,0.0141977,0.027977
791.578,1491.89,TOPLAYER,INTERNALPLANE1,0.0142613,0.014259,0.0167846
791.578,1491.89,INTERNALPLANE1,INTERNALPLANE2,0.014259,0.0142296,0.0167846
791.578,1491.89,INTERNALPLANE2,BOTTOMLAYER,0.0142296,0.0142273,0.0167846
791.578,1728.11,TOPLAYER,INTERNALPLANE1,0.0142688,0.0142676,0.00912429
791.578,1728.11,INTERNALPLANE1,INTERNALPLANE2,0.0142676,0.0142516,0.00912429
791.578,1728.11,INTERNALPLANE2,BOTTOMLAYER,0.0142516,0.0142503,0.00912429
791.578,1964.33,TOPLAYER,INTERNALPLANE1,0.0142783,0.0142777,0.00467754
791.578,1964.33,INTERNALPLANE1,INTERNALPLANE2,0.0142777,0.0142695,0.00467754
791.578,1964.33,INTERNALPLANE2,BOTTOMLAYER,0.0142695,0.0142688,0.00467754
791.578,2200.55,TOPLAYER,INTERNALPLANE1,0.0142885,0.0142882,0.00227822
791.578,2200.55,INTERNALPLANE1,INTERNALPLANE2,0.0142882,0.0142842,0.00227822
791.578,2200.55,INTERNALPLANE2,BOTTOMLAYER,0.0142842,0.0142839,0.00227822
791.578,2436.77,TOPLAYER,INTERNALPLANE1,0.0142985,0.0142984,0.0010806
791.578,2436.77,INTERNALPLANE1,INTERNALPLANE2,0.0142984,0.0142965,0.0010806
791.578,2436.77,INTERNALPLANE2,BOTTOMLAYER,0.0142965,0.0142963,0.0010806
791.578,2672.99,TOPLAYER,INTERNALPLANE1,0.0143075,0.0143075,0.000547497
791.578,2672.99,INTERNALPLANE1,INTERNALPLANE2,0.0143075,0.0143065,0.000547497
791.578,2672.99,INTERNALPLANE2,BOTTOMLAYER,0.0143065,0.0143064,0.000547497
791.578,2909.21,TOPLAYER,INTERNALPLANE1,0.014315,0.014315,0.000290136
791.578,2909.21,INTERNALPLANE1,INTERNALPLANE2,0.014315,0.0143145,0.000290136
791.578,2909.21,INTERNALPLANE2,BOTTOMLAYER,0.0143145,0.0143144,0.000290136
791.578,3145.43,TOPLAYER,INTERNALPLANE1,0.0143208,0.0143208,0.000151139
791.578,3145.43,INTERNALPLANE1,INTERNALPLANE2,0.0143208,0.0143205,0.000151139
791.578,3145.43,INTERNALPLANE2,BOTTOMLAYER,0.0143205,0.0143205,0.000151139
791.578,3381.65,TOPLAYER,INTERNALPLANE1,0.0143249,0.0143249,8.39247e-05
791.578,3381.65,INTERNALPLANE1,INTERNALPLANE2,0.0143249,0.0143248,8.39247e-05
791.578,3381.65,INTERNALPLANE2,BOTTOMLAYER,0.0143248,0.0143248,8.39247e-05
791.578,3617.87,TOPLAYER,INTERNALPLANE1,0.0143275,0.0143275,5.86181e-05
791.578,3617.87,INTERNALPLANE1,INTERNALPLANE2,0.0143275,0.0143274,5.86181e-05
791.578,3617.87,INTERNALPLANE2,BOTTOMLAYER,0.0143274,0.0143274,5.86181e-05
1027.8,547.006,TOPLAYER,INTERNALPLANE1,0.0138344,0.013829,0.0398299
1027.8,547.006,INTERNALPLANE1,INTERNALPLANE2,0.013829,0.0137591,0.0398299
1027.8,547.006,INTERNALPLANE2,BOTTOMLAYER,0.0137591,0.0137537,0.0398299
1027.8,783.226,TOPLAYER,INTERNALPLANE1,0.0138849,0.0138931,-0.0608592
1027.8,783.226,INTERNALPLANE1,INTERNALPLANE2,0.0138931,0.0139999,-0.0608592
1027.8,783.226,INTERNALPLANE2,BOTTOMLAYER,0.0139999,0.0140081,-0.0608592
1027.8,1019.45,TOPLAYER,INTERNALPLANE1,0.0141071,0.0141051,0.0150069
1027.8,1019.45,INTERNALPLANE1,INTERNALPLANE2,0.0141051,0.0140788,0.0150069
1027.8,1019.45,INTERNALPLANE2,BOTTOMLAYER,0.0140788,0.0140768,0.0150069
1027.8,1255.67,TOPLAYER,INTERNALPLANE1,0.0142153,0.0142106,0.0346729
1027.8,1255.67,INTERNALPLANE1,INTERNALPLANE2,0.0142106,0.0141498,0.0346729
1027.8,1255.67,INTERNALPLANE2,BOTTOMLAYER,0.0141498,0.0141451,0.0346729
1027.8,1491.89,TOPLAYER,INTERNALPLANE1,0.0142324,0.0142299,0.0190031
1027.8,1491.89,INTERNALPLANE1,INTERNALPLANE2,0.0142299,0.0141965,0.0190031
1027.8,1491.89,INTERNALPLANE2,BOTTOMLAYER,0.0141965,0.014194,0.0190031
1027.8,1728.11,TOPLAYER,INTERNALPLANE1,0.0142515,0.0142502,0.00999596
1027.8,1728.11,INTERNALPLANE1,INTERNALPLANE2,0.0142502,0.0142326,0.00999596
1027.8,1728.11,INTERNALPLANE2,BOTTOMLAYER,0.0142326,0.0142313,0.00999596
1027.8,1964.33,TOPLAYER,INTERNALPLANE1,0.0142697,0.014269,0.00509547
1027.8,1964.33,INTERNALPLANE1,INTERNALPLANE2,0.014269,0.0142601,0.00509547
1027.8,1964.33,INTERNALPLANE2,BOTTOMLAYER,0.0142601,0.0142594,0.00509547
1027.8,2200.55,TOPLAYER,INTERNALPLANE1,0.0142858,0.0142854,0.00253608
1027.8,2200.55,INTERNALPLANE1,INTERNALPLANE2,0.0142854,0.014281,0.00253608
1027.8,2200.55,INTERNALPLANE2,BOTTOMLAYER,0.014281,0.0142806,0.00253608
1027.8,2436.77,TOPLAYER,INTERNALPLANE1,0.0142994,0.0142992,0.00124499
1027.8,2436.77,INTERNALPLANE1,INTERNALPLANE2,0.0142992,0.014297,0.00124499
1027.8,2436.77,INTERNALPLANE2,BOTTOMLAYER,0.014297,0.0142968,0.00124499
1027.8,2672.99,TOPLAYER,INTERNALPLANE1,0.0143104,0.0143103,0.000615566
1027.8,2672.99,INTERNALPLANE1,INTERNALPLANE2,0.0143103,0.0143093,0.000615566
1027.8,2672.99,INTERNALPLANE2,BOTTOMLAYER,0.0143093,0.0143092,0.000615566
1027.8,2909.21,TOPLAYER,INTERNALPLANE1,0.0143191,0.0143191,0.000310432
1027.8,2909.21,INTERNALPLANE1,INTERNALPLANE2,0.0143191,0.0143185,0.000310432
1027.8,2909.21,INTERNALPLANE2,BOTTOMLAYER,0.0143185,0.0143185,0.000310432
1027.8,3145.43,TOPLAYER,INTERNALPLANE1,0.0143256,0.0143255,0.000160057
1027.8,3145.43,INTERNALPLANE1,INTERNALPLANE2,0.0143255,0.0143253,0.000160057
1027.8,3145.43,INTERNALPLANE2,BOTTOMLAYER,0.0143253,0.0143252,0.000160057
1027.8,3381.65,TOPLAYER,INTERNALPLANE1,0.0143301,0.0143301,8.83169e-05
1027.8,3381.65,INTERNALPLANE1,INTERNALPLANE2,0.0143301,0.0143299,8.83169e-05
1027.8,3381.65,INTERNALPLANE2,BOTTOMLAYER,0.0143299,0.0143299,8.83169e-05
1027.8,3617.87,TOPLAYER,INTERNALPLANE1,0.0143328,0.0143328,6.02134e-05
1027.8,3617.87,INTERNALPLANE1,INTERNALPLANE2,0.0143328,0.0143327,6.02134e-05
1027.8,3617.87,INTERNALPLANE2,BOTTOMLAYER,0.0143327,0.0143327,6.02134e-05
1264.02,547.006,TOPLAYER,INTERNALPLANE1,0.0136835,0.0136735,0.0738777
1264.02,547.006,INTERNALPLANE1,INTERNALPLANE2,0.0136735,0.0135439,0.0738777
1264.02,547.006,INTERNALPLANE2,BOTTOMLAYER,0.0135439,0.0135339,0.0738777
1264.02,783.226,TOPLAYER,INTERNALPLANE1,0.0137248,0.0137351,-0.0760654
1264.02,783.226,INTERNALPLANE1,INTERNALPLANE2,0.0137351,0.0138686,-0.0760654
1264.02,783.226,INTERNALPLANE2,BOTTOMLAYER,0.0138686,0.0138788,-0.0760654
1264.02,1019.45,TOPLAYER,INTERNALPLANE1,0.0140072,0.0140052,0.0148453
1264.02,1019.45,INTERNALPLANE1,INTERNALPLANE2,0.0140052,0.0139792,0.0148453
1264.02,1019.45,INTERNALPLANE2,BOTTOMLAYER,0.0139792,0.0139772,0.0148453
1264.02,1255.67,TOPLAYER,INTERNALPLANE1,0.0141852,0.0141787,0.0482036
1264.02,1255.67,INTERNALPLANE1,INTERNALPLANE2,0.0141787,0.0140941,0.0482036
1264.02,1255.67,INTERNALPLANE2,BOTTOMLAYER,0.0140941,0.0140876,0.0482036
1264.02,1491.89,TOPLAYER,INTERNALPLANE1,0.0142116,0.0142083,0.0240744
1264.02,1491.89,INTERNALPLANE1,INTERNALPLANE2,0.0142083,0.0141661,0.0240744
1264.02,1491.89,INTERNALPLANE2,BOTTOMLAYER,0.0141661,0.0141628,0.0240744
1264.02,1728.11,TOPLAYER,INTERNALPLANE1,0.0142402,0.0142386,0.0117922
1264.02,1728.11,INTERNALPLANE1,INTERNALPLANE2,0.0142386,0.0142179,0.0117922
1264.02,1728.11,INTERNALPLANE2,BOTTOMLAYER,0.0142179,0.0142164,0.0117922
1264.02,1964.33,TOPLAYER,INTERNALPLANE1,0.0142658,0.014265,0.00577078
1264.02,1964.33,INTERNALPLANE1,INTERNALPLANE2,0.014265,0.0142549,0.00577078
1264.02,1964.33,INTERNALPLANE2,BOTTOMLAYER,0.0142549,0.0142541,0.00577078
1264.02,2200.55,TOPLAYER,INTERNALPLANE1,0.0142868,0.0142864,0.00282854
1264.02,2200.55,INTERNALPLANE1,INTERNALPLANE2,0.0142864,0.0142814,0.00282854
1264.02,2200.55,INTERNALPLANE2,BOTTOMLAYER,0.0142814,0.014281,0.00282854
1264.02,2436.77,TOPLAYER,INTERNALPLANE1,0.0143033,0.0143031,0.00138827
1264.02,2436.77,INTERNALPLANE1,INTERNALPLANE2,0.0143031,0.0143007,0.00138827
1264.02,2436.77,INTERNALPLANE2,BOTTOMLAYER,0.0143007,0.0143005,0.00138827
1264.02,2672.99,TOPLAYER,INTERNALPLANE1,0.014316,0.0143159,0.000684356
1264.02,2672.99,INTERNALPLANE1,INTERNALPLANE2,0.0143159,0.0143147,0.000684356
1264.02,2672.99,INTERNALPLANE2,BOTTOMLAYER,0.0143147,0.0143146,0.000684356
1264.02,2909.21,TOPLAYER,INTERNALPLANE1,0.0143255,0.0143255,0.000340905
1264.02,2909.21,INTERNALPLANE1,INTERNALPLANE2,0.0143255,0.0143249,0.000340905
1264.02,2909.21,INTERNALPLANE2,BOTTOMLAYER,0.0143249,0.0143248,0.000340905
1264.02,3145.43,TOPLAYER,INTERNALPLANE1,0.0143324,0.0143323,0.00017377
1264.02,3145.43,INTERNALPLANE1,INTERNALPLANE2,0.0143323,0.014332,0.00017377
1264.02,3145.43,INTERNALPLANE2,BOTTOMLAYER,0.014332,0.014332,0.00017377
1264.02,3381.65,TOPLAYER,INTERNALPLANE1,0.014337,0.014337,9.49755e-05
1264.02,3381.65,INTERNALPLANE1,INTERNALPLANE2,0.014337,0.0143368,9.49755e-05
1264.02,3381.65,INTERNALPLANE2,BOTTOMLAYER,0.0143368,0.0143368,9.49755e-05
1264.02,3617.87,TOPLAYER,INTERNALPLANE1,0.0143398,0.0143398,6.40115e-05
1264.02,3617.87,INTERNALPLANE1,INTERNALPLANE2,0.0143398,0.0143397,6.40115e-05
1264.02,3617.87,INTERNALPLANE2,BOTTOMLAYER,0.0143397,0.0143397,6.40115e-05
1500.24,547.006,TOPLAYER,INTERNALPLANE1,0.0134641,0.0134546,0.070258
1500.24,547.006,INTERNALPLANE1,INTERNALPLANE2,0.0134546,0.0133314,0.070258
1500.24,547.006,INTERNALPLANE2,BOTTOMLAYER,0.0133314,0.0133219,0.070258
1500.24,783.226,TOPLAYER,INTERNALPLANE1,0.0135399,0.0135494,-0.0706471
1500.24,783.226,INTERNALPLANE1,INTERNALPLANE2,0.0135494,0.0136734,-0.0706471
1500.24,783.226,INTERNALPLANE2,BOTTOMLAYER,0.0136734,0.0136829,-0.0706471
1500.24,1019.45,TOPLAYER,INTERNALPLANE1,0.0139133,0.0139089,0.0323283
1500.24,1019.45,INTERNALPLANE1,INTERNALPLANE2,0.0139089,0.0138522,0.0323283
1500.24,1019.45,INTERNALPLANE2,BOTTOMLAYER,0.0138522,0.0138478,0.0323283
1500.24,1255.67,TOPLAYER,INTERNALPLANE1,0.0141645,0.0141557,0.0655936
1500.24,1255.67,INTERNALPLANE1,INTERNALPLANE2,0.0141557,0.0140406,0.0655936
1500.24,1255.67,INTERNALPLANE2,BOTTOMLAYER,0.0140406,0.0140317,0.0655936
1500.24,1491.89,TOPLAYER,INTERNALPLANE1,0.0142012,0.0141973,0.0292576
1500.24,1491.89,INTERNALPLANE1,INTERNALPLANE2,0.0141973,0.0141459,0.0292576
1500.24,1491.89,INTERNALPLANE2,BOTTOMLAYER,0.0141459,0.014142,0.0292576
1500.24,1728.11,TOPLAYER,INTERNALPLANE1,0.0142383,0.0142365,0.01346
1500.24,1728.11,INTERNALPLANE1,INTERNALPLANE2,0.0142365,0.0142129,0.01346
1500.24,1728.11,INTERNALPLANE2,BOTTOMLAYER,0.0142129,0.014211,0.01346
1500.24,1964.33,TOPLAYER,INTERNALPLANE1,0.0142694,0.0142685,0.00640208
1500.24,1964.33,INTERNALPLANE1,INTERNALPLANE2,0.0142685,0.0142573,0.00640208
1500.24,1964.33,INTERNALPLANE2,BOTTOMLAYER,0.0142573,0.0142564,0.00640208
1500.24,2200.55,TOPLAYER,INTERNALPLANE1,0.0142936,0.0142932,0.00310604
1500.24,2200.55,INTERNALPLANE1,INTERNALPLANE2,0.0142932,0.0142877,0.00310604
1500.24,2200.55,INTERNALPLANE2,BOTTOMLAYER,0.0142877,0.0142873,0.00310604
1500.24,2436.77,TOPLAYER,INTERNALPLANE1,0.0143117,0.0143115,0.00152317
1500.24,2436.77,INTERNALPLANE1,INTERNALPLANE2,0.0143115,0.0143089,0.00152317
1500.24,2436.77,INTERNALPLANE2,BOTTOMLAYER,0.0143089,0.0143086,0.00152317
1500.24,2672.99,TOPLAYER,INTERNALPLANE1,0.0143251,0.014325,0.000752117
1500.24,2672.99,INTERNALPLANE1,INTERNALPLANE2,0.014325,0.0143237,0.000752117
1500.24,2672.99,INTERNALPLANE2,BOTTOMLAYER,0.0143237,0.0143236,0.000752117
1500.24,2909.21,TOPLAYER,INTERNALPLANE1,0.0143347,0.0143346,0.000374516
1500.24,2909.21,INTERNALPLANE1,INTERNALPLANE2,0.0143346,0.014334,0.000374516
1500.24,2909.21,INTERNALPLANE2,BOTTOMLAYER,0.014334,0.0143339,0.000374516
1500.24,3145.43,TOPLAYER,INTERNALPLANE1,0.0143414,0.0143414,0.000190345
1500.24,3145.43,INTERNALPLANE1,INTERNALPLANE2,0.0143414,0.014341,0.000190345
1500.24,3145.43,INTERNALPLANE2,BOTTOMLAYER,0.014341,0.014341,0.000190345
1500.24,3381.65,TOPLAYER,INTERNALPLANE1,0.0143459,0.0143458,0.000103513
1500.24,3381.65,INTERNALPLANE1,INTERNALPLANE2,0.0143458,0.0143456,0.000103513
1500.24,3381.65,INTERNALPLANE2,BOTTOMLAYER,0.0143456,0.0143456,0.000103513
1500.24,3617.87,TOPLAYER,INTERNALPLANE1,0.0143485,0.0143485,6.9278e-05
1500.24,3617.87,INTERNALPLANE1,INTERNALPLANE2,0.0143485,0.0143483,6.9278e-05
1500.24,3617.87,INTERNALPLANE2,BOTTOMLAYER,0.0143483,0.0143483,6.9278e-05
1736.46,547.006,TOPLAYER,INTERNALPLANE1,0.0132396,0.0132156,0.177685
1736.46,547.006,INTERNALPLANE1,INTERNALPLANE2,0.0132156,0.0129039,0.177685
1736.46,547.006,INTERNALPLANE2,BOTTOMLAYER,0.0129039,0.0128799,0.177685
1736.46,1019.45,TOPLAYER,INTERNALPLANE1,0.0138315,0.0138205,0.0819191
1736.46,1019.45,INTERNALPLANE1,INTERNALPLANE2,0.0138205,0.0136767,0.0819191
1736.46,1019.45,INTERNALPLANE2,BOTTOMLAYER,0.0136767,0.0136657,0.0819191
1736.46,1255.67,TOPLAYER,INTERNALPLANE1,0.014158,0.0141483,0.0714989
1736.46,1255.67,INTERNALPLANE1,INTERNALPLANE2,0.0141483,0.0140228,0.0714989
1736.46,1255.67,INTERNALPLANE2,BOTTOMLAYER,0.0140228,0.0140132,0.0714989
1736.46,1491.89,TOPLAYER,INTERNALPLANE1,0.0142059,0.0142019,0.0295561
1736.46,1491.89,INTERNALPLANE1,INTERNALPLANE2,0.0142019,0.0141501,0.0295561
1736.46,1491.89,INTERNALPLANE2,BOTTOMLAYER,0.0141501,0.0141461,0.0295561
1736.46,1728.11,TOPLAYER,INTERNALPLANE1,0.0142495,0.0142477,0.0138752
1736.46,1728.11,INTERNALPLANE1,INTERNALPLANE2,0.0142477,0.0142233,0.0138752
1736.46,1728.11,INTERNALPLANE2,BOTTOMLAYER,0.0142233,0.0142215,0.0138752
1736.46,1964.33,TOPLAYER,INTERNALPLANE1,0.0142832,0.0142823,0.0067505
1736.46,1964.33,INTERNALPLANE1,INTERNALPLANE2,0.0142823,0.0142704,0.0067505
1736.46,1964.33,INTERNALPLANE2,BOTTOMLAYER,0.0142704,0.0142695,0.0067505
1736.46,2200.55,TOPLAYER,INTERNALPLANE1,0.0143079,0.0143074,0.00332874
1736.46,2200.55,INTERNALPLANE1,INTERNALPLANE2,0.0143074,0.0143016,0.00332874
1736.46,2200.55,INTERNALPLANE2,BOTTOMLAYER,0.0143016,0.0143012,0.00332874
1736.46,2436.77,TOPLAYER,INTERNALPLANE1,0.0143256,0.0143254,0.00165141
1736.46,2436.77,INTERNALPLANE1,INTERNALPLANE2,0.0143254,0.0143225,0.00165141
1736.46,2436.77,INTERNALPLANE2,BOTTOMLAYER,0.0143225,0.0143223,0.00165141
1736.46,2672.99,TOPLAYER,INTERNALPLANE1,0.0143381,0.014338,0.000822094
1736.46,2672.99,INTERNALPLANE1,INTERNALPLANE2,0.014338,0.0143366,0.000822094
1736.46,2672.99,INTERNALPLANE2,BOTTOMLAYER,0.0143366,0.0143365,0.000822094
1736.46,2909.21,TOPLAYER,INTERNALPLANE1,0.0143468,0.0143468,0.000411345
1736.46,2909.21,INTERNALPLANE1,INTERNALPLANE2,0.0143468,0.0143461,0.000411345
1736.46,2909.21,INTERNALPLANE2,BOTTOMLAYER,0.0143461,0.014346,0.000411345
1736.46,3145.43,TOPLAYER,INTERNALPLANE1,0.0143527,0.0143527,0.00020939
1736.46,3145.43,INTERNALPLANE1,INTERNALPLANE2,0.0143527,0.0143523,0.00020939
1736.46,3145.43,INTERNALPLANE2,BOTTOMLAYER,0.0143523,0.0143523,0.00020939
1736.46,3381.65,TOPLAYER,INTERNALPLANE1,0.0143565,0.0143565,0.000113669
1736.46,3381.65,INTERNALPLANE1,INTERNALPLANE2,0.0143565,0.0143563,0.000113669
1736.46,3381.65,INTERNALPLANE2,BOTTOMLAYER,0.0143563,0.0143563,0.000113669
1736.46,3617.87,TOPLAYER,INTERNALPLANE1,0.0143587,0.0143587,7.57217e-05
1736.46,3617.87,INTERNALPLANE1,INTERNALPLANE2,0.0143587,0.0143586,7.57217e-05
1736.46,3617.87,INTERNALPLANE2,BOTTOMLAYER,0.0143586,0.0143585,7.57217e-05
1844.73,261.572,TOPLAYER,INTERNALPLANE1,11.9923,11.9923,-0.141751
1844.73,261.572,INTERNALPLANE1,INTERNALPLANE2,11.9923,11.9925,-0.141751
1844.73,261.572,INTERNALPLANE2,BOTTOMLAYER,11.9925,11.9925,-0.141751
1844.73,291.1,TOPLAYER,INTERNALPLANE1,11.9915,11.9915,-0.185882
1844.73,291.1,INTERNALPLANE1,INTERNALPLANE2,11.9915,11.9918,-0.185882
1844.73,291.1,INTERNALPLANE2,BOTTOMLAYER,11.9918,11.9919,-0.185882
1844.73,320.627,TOPLAYER,INTERNALPLANE1,11.9907,11.9907,-0.604794
1844.73,320.627,INTERNALPLANE1,INTERNALPLANE2,11.9907,11.9918,-0.604794
1844.73,320.627,INTERNALPLANE2,BOTTOMLAYER,11.9918,11.9919,-0.604794
1874.25,261.572,TOPLAYER,INTERNALPLANE1,11.9924,11.9924,-0.103027
1874.25,261.572,INTERNALPLANE1,INTERNALPLANE2,11.9924,11.9926,-0.103027
1874.25,261.572,INTERNALPLANE2,BOTTOMLAYER,11.9926,11.9926,-0.103027
1874.25,291.1,TOPLAYER,INTERNALPLANE1,11.9916,11.9916,-0.193734
1874.25,291.1,INTERNALPLANE1,INTERNALPLANE2,11.9916,11.992,-0.193734
1874.25,291.1,INTERNALPLANE2,BOTTOMLAYER,11.992,11.992,-0.193734
1874.25,320.627,TOPLAYER,INTERNALPLANE1,11.9908,11.9909,-0.600341
1874.25,320.627,INTERNALPLANE1,INTERNALPLANE2,11.9909,11.9919,-0.600341
1874.25,320.627,INTERNALPLANE2,BOTTOMLAYER,11.9919,11.992,-0.600341
1933.31,251.73,TOPLAYER,INTERNALPLANE1,0.000950524,0.000980288,-0.220522
1933.31,251.73,INTERNALPLANE1,INTERNALPLANE2,0.000980288,0.00136721,-0.220522
1933.31,251.73,INTERNALPLANE2,BOTTOMLAYER,0.00136721,0.00139698,-0.220522
1940.48,322.289,TOPLAYER,INTERNALPLANE1,3.28825,3.28825,-9.87092e-12
1940.48,322.289,INTERNALPLANE1,INTERNALPLANE2,3.28825,3.28825,-1.0124e-11
1940.48,322.289,INTERNALPLANE2,BOTTOMLAYER,3.28825,3.28825,-6.58062e-12
1962.84,438.738,TOPLAYER,INTERNALPLANE1,3.28261,3.28248,1
1962.84,438.738,INTERNALPLANE1,INTERNALPLANE2,3.28248,3.28072,1
1962.84,438.738,INTERNALPLANE2,BOTTOMLAYER,3.28072,3.28059,1
1972.68,783.226,TOPLAYER,INTERNALPLANE1,0.012829,0.0128512,-0.164083
1972.68,783.226,INTERNALPLANE1,INTERNALPLANE2,0.0128512,0.013139,-0.164083
1972.68,783.226,INTERNALPLANE2,BOTTOMLAYER,0.013139,0.0131612,-0.164083
1972.68,1255.67,TOPLAYER,INTERNALPLANE1,0.0141512,0.014147,0.0309103
1972.68,1255.67,INTERNALPLANE1,INTERNALPLANE2,0.014147,0.0140928,0.0309103
1972.68,1255.67,INTERNALPLANE2,BOTTOMLAYER,0.0140928,0.0140886,0.0309103
1972.68,1491.89,TOPLAYER,INTERNALPLANE1,0.0142332,0.0142298,0.0251066
1972.68,1491.89,INTERNALPLANE1,INTERNALPLANE2,0.0142298,0.0141857,0.0251066
1972.68,1491.89,INTERNALPLANE2,BOTTOMLAYER,0.0141857,0.0141823,0.0251066
1972.68,1728.11,TOPLAYER,INTERNALPLANE1,0.0142779,0.014276,0.013609
1972.68,1728.11,INTERNALPLANE1,INTERNALPLANE2,0.014276,0.0142521,0.013609
1972.68,1728.11,INTERNALPLANE2,BOTTOMLAYER,0.0142521,0.0142503,0.013609
1972.68,1964.33,TOPLAYER,INTERNALPLANE1,0.0143091,0.0143081,0.00702089
1972.68,1964.33,INTERNALPLANE1,INTERNALPLANE2,0.0143081,0.0142958,0.00702089
1972.68,1964.33,INTERNALPLANE2,BOTTOMLAYER,0.0142958,0.0142949,0.00702089
1972.68,2200.55,TOPLAYER,INTERNALPLANE1,0.0143307,0.0143302,0.00356701
1972.68,2200.55,INTERNALPLANE1,INTERNALPLANE2,0.0143302,0.014324,0.00356701
1972.68,2200.55,INTERNALPLANE2,BOTTOMLAYER,0.014324,0.0143235,0.00356701
1972.68,2436.77,TOPLAYER,INTERNALPLANE1,0.0143454,0.0143452,0.00179932
1972.68,2436.77,INTERNALPLANE1,INTERNALPLANE2,0.0143452,0.0143421,0.00179932
1972.68,2436.77,INTERNALPLANE2,BOTTOMLAYER,0.0143421,0.0143418,0.00179932
1972.68,2672.99,TOPLAYER,INTERNALPLANE1,0.0143553,0.0143552,0.000904203
1972.68,2672.99,INTERNALPLANE1,INTERNALPLANE2,0.0143552,0.0143536,0.000904203
1972.68,2672.99,INTERNALPLANE2,BOTTOMLAYER,0.0143536,0.0143535,0.000904203
1972.68,2909.21,TOPLAYER,INTERNALPLANE1,0.0143619,0.0143619,0.000454622
1972.68,2909.21,INTERNALPLANE1,INTERNALPLANE2,0.0143619,0.0143611,0.000454622
1972.68,2909.21,INTERNALPLANE2,BOTTOMLAYER,0.0143611,0.014361,0.000454622
1972.68,3145.43,TOPLAYER,INTERNALPLANE1,0.0143662,0.0143661,0.000231724
1972.68,3145.43,INTERNALPLANE1,INTERNALPLANE2,0.0143661,0.0143657,0.000231724
1972.68,3145.43,INTERNALPLANE2,BOTTOMLAYER,0.0143657,0.0143657,0.000231724
1972.68,3381.65,TOPLAYER,INTERNALPLANE1,0.0143688,0.0143688,0.000125517
1972.68,3381.65,INTERNALPLANE1,INTERNALPLANE2,0.0143688,0.0143686,0.000125517
1972.68,3381.65,INTERNALPLANE2,BOTTOMLAYER,0.0143686,0.0143686,0.000125517
1972.68,3617.87,TOPLAYER,INTERNALPLANE1,0.0143703,0.0143703,8.31655e-05
1972.68,3617.87,INTERNALPLANE1,INTERNALPLANE2,0.0143703,0.0143701,8.31655e-05
1972.68,3617.87,INTERNALPLANE2,BOTTOMLAYER,0.0143701,0.0143701,8.31655e-05
2020.06,322.037,TOPLAYER,INTERNALPLANE1,3.28825,3.28825,-1.64515e-11
2020.06,322.037,INTERNALPLANE1,INTERNALPLANE2,3.28825,3.28825,-1.61984e-11
2020.06,322.037,INTERNALPLANE2,BOTTOMLAYER,3.28825,3.28825,-1.64515e-11
2021.89,251.73,TOPLAYER,INTERNALPLANE1,0.00169816,0.00174183,-0.323525
2021.89,251.73,INTERNALPLANE1,INTERNALPLANE2,0.00174183,0.00230949,-0.323525
2021.89,251.73,INTERNALPLANE2,BOTTOMLAYER,0.00230949,0.00235315,-0.323525
2047.26,1043.5,TOPLAYER,INTERNALPLANE1,0.0137541,0.0137348,0.143123
2047.26,1043.5,INTERNALPLANE1,INTERNALPLANE2,0.0137348,0.0134837,0.143123
2047.26,1043.5,INTERNALPLANE2,BOTTOMLAYER,0.0134837,0.0134644,0.143123
2076.76,324.564,TOPLAYER,INTERNALPLANE1,3.28825,3.28825,1.97418e-11
2076.76,324.564,INTERNALPLANE1,INTERNALPLANE2,3.28825,3.28825,1.94888e-11
2076.76,324.564,INTERNALPLANE2,BOTTOMLAYER,3.28825,3.28825,2.30322e-11
2079.04,1011.34,TOPLAYER,INTERNALPLANE1,0.0137474,0.0137236,0.176389
2079.04,1011.34,INTERNALPLANE1,INTERNALPLANE2,0.0137236,0.0134141,0.176389
2079.04,1011.34,INTERNALPLANE2,BOTTOMLAYER,0.0134141,0.0133903,0.176389
2090.79,487.95,TOPLAYER,INTERNALPLANE1,0.00877624,0.00878004,-0.0281399
2090.79,487.95,INTERNALPLANE1,INTERNALPLANE2,0.00878004,0.00882942,-0.0281399
2090.79,487.95,INTERNALPLANE2,BOTTOMLAYER,0.00882942,0.00883321,-0.0281399
2111.97,978.789,TOPLAYER,INTERNALPLANE1,0.0137376,0.0137056,0.237405
2111.97,978.789,INTERNALPLANE1,INTERNALPLANE2,0.0137056,0.013289,0.237405
2111.97,978.789,INTERNALPLANE2,BOTTOMLAYER,0.013289,0.013257,0.237405
2130.16,487.95,TOPLAYER,INTERNALPLANE1,0.00884792,0.00884751,0.00302521
2130.16,487.95,INTERNALPLANE1,INTERNALPLANE2,0.00884751,0.0088422,0.00302521
2130.16,487.95,INTERNALPLANE2,BOTTOMLAYER,0.0088422,0.00884179,0.00302521
2140,330.47,TOPLAYER,INTERNALPLANE1,0.0040822,0.00403773,0.329465
2140,330.47,INTERNALPLANE1,INTERNALPLANE2,0.00403773,0.00345965,0.329465
2140,330.47,INTERNALPLANE2,BOTTOMLAYER,0.00345965,0.00341518,0.329465
2169.53,487.95,TOPLAYER,INTERNALPLANE1,0.00890759,0.0089042,0.0251147
2169.53,487.95,INTERNALPLANE1,INTERNALPLANE2,0.0089042,0.00886013,0.0251147
2169.53,487.95,INTERNALPLANE2,BOTTOMLAYER,0.00886013,0.00885674,0.0251147
2185.21,904.779,TOPLAYER,INTERNALPLANE1,0.0125701,0.0125656,0.0330522
2185.21,904.779,INTERNALPLANE1,INTERNALPLANE2,0.0125656,0.0125076,0.0330522
2185.21,904.779,INTERNALPLANE2,BOTTOMLAYER,0.0125076,0.0125031,0.0330522
2208.9,783.226,TOPLAYER,INTERNALPLANE1,0.0121335,0.0120799,0.397321
2208.9,783.226,INTERNALPLANE1,INTERNALPLANE2,0.0120799,0.0113828,0.397321
2208.9,783.226,INTERNALPLANE2,BOTTOMLAYER,0.0113828,0.0113291,0.397321
2208.9,1019.45,TOPLAYER,INTERNALPLANE1,0.0139315,0.0139359,-0.0324057
2208.9,1019.45,INTERNALPLANE1,INTERNALPLANE2,0.0139359,0.0139928,-0.0324057
2208.9,1019.45,INTERNALPLANE2,BOTTOMLAYER,0.0139928,0.0139971,-0.0324057
2208.9,1255.67,TOPLAYER,INTERNALPLANE1,0.0142544,0.0142473,0.0522916
2208.9,1255.67,INTERNALPLANE1,INTERNALPLANE2,0.0142473,0.0141556,0.0522916
2208.9,1255.67,INTERNALPLANE2,BOTTOMLAYER,0.0141556,0.0141485,0.0522916
2208.9,1491.89,TOPLAYER,INTERNALPLANE1,0.0142927,0.014289,0.0276272
2208.9,1491.89,INTERNALPLANE1,INTERNALPLANE2,0.014289,0.0142405,0.0276272
2208.9,1491.89,INTERNALPLANE2,BOTTOMLAYER,0.0142405,0.0142368,0.0276272
2208.9,1728.11,TOPLAYER,INTERNALPLANE1,0.0143256,0.0143236,0.0147663
2208.9,1728.11,INTERNALPLANE1,INTERNALPLANE2,0.0143236,0.0142977,0.0147663
2208.9,1728.11,INTERNALPLANE2,BOTTOMLAYER,0.0142977,0.0142957,0.0147663
2208.9,1964.33,TOPLAYER,INTERNALPLANE1,0.0143478,0.0143467,0.00771391
2208.9,1964.33,INTERNALPLANE1,INTERNALPLANE2,0.0143467,0.0143332,0.00771391
2208.9,1964.33,INTERNALPLANE2,BOTTOMLAYER,0.0143332,0.0143322,0.00771391
2208.9,2200.55,TOPLAYER,INTERNALPLANE1,0.014362,0.0143614,0.00395965
2208.9,2200.55,INTERNALPLANE1,INTERNALPLANE2,0.0143614,0.0143545,0.00395965
2208.9,2200.55,INTERNALPLANE2,BOTTOMLAYER,0.0143545,0.014354,0.00395965
2208.9,2436.77,TOPLAYER,INTERNALPLANE1,0.0143708,0.0143705,0.00200844
2208.9,2436.77,INTERNALPLANE1,INTERNALPLANE2,0.0143705,0.014367,0.00200844
2208.9,2436.77,INTERNALPLANE2,BOTTOMLAYER,0.014367,0.0143668,0.00200844
2208.9,2672.99,TOPLAYER,INTERNALPLANE1,0.0143762,0.0143761,0.00101121
2208.9,2672.99,INTERNALPLANE1,INTERNALPLANE2,0.0143761,0.0143743,0.00101121
2208.9,2672.99,INTERNALPLANE2,BOTTOMLAYER,0.0143743,0.0143742,0.00101121
2208.9,2909.21,TOPLAYER,INTERNALPLANE1,0.0143794,0.0143794,0.000508129
2208.9,2909.21,INTERNALPLANE1,INTERNALPLANE2,0.0143794,0.0143785,0.000508129
2208.9,2909.21,INTERNALPLANE2,BOTTOMLAYER,0.0143785,0.0143784,0.000508129
2208.9,3145.43,TOPLAYER,INTERNALPLANE1,0.0143813,0.0143812,0.000258275
2208.9,3145.43,INTERNALPLANE1,INTERNALPLANE2,0.0143812,0.0143808,0.000258275
2208.9,3145.43,INTERNALPLANE2,BOTTOMLAYER,0.0143808,0.0143807,0.000258275
2208.9,3381.65,TOPLAYER,INTERNALPLANE1,0.0143823,0.0143823,0.000139092
2208.9,3381.65,INTERNALPLANE1,INTERNALPLANE2,0.0143823,0.014382,0.000139092
2208.9,3381.65,INTERNALPLANE2,BOTTOMLAYER,0.014382,0.014382,0.000139092
2208.9,3617.87,TOPLAYER,INTERNALPLANE1,0.0143828,0.0143828,9.13437e-05
2208.9,3617.87,INTERNALPLANE1,INTERNALPLANE2,0.0143828,0.0143826,9.13437e-05
2208.9,3617.87,INTERNALPLANE2,BOTTOMLAYER,0.0143826,0.0143826,9.13437e-05
2287.64,704.486,TOPLAYER,INTERNALPLANE1,0.0108158,0.0108158,-2.57055e-14
2287.64,704.486,INTERNALPLANE1,INTERNALPLANE2,0.0108158,0.0108158,-3.46036e-14
2287.64,704.486,INTERNALPLANE2,BOTTOMLAYER,0.0108158,0.0108158,-2.57055e-14
2303.54,787.14,TOPLAYER,INTERNALPLANE1,0.0122275,0.0121773,0.371643
2303.54,787.14,INTERNALPLANE1,INTERNALPLANE2,0.0121773,0.0115253,0.371643
2303.54,787.14,INTERNALPLANE2,BOTTOMLAYER,0.0115253,0.0114751,0.371643
2327.01,517.478,TOPLAYER,INTERNALPLANE1,0.00950793,0.00953359,-0.19007
2327.01,517.478,INTERNALPLANE1,INTERNALPLANE2,0.00953359,0.00986708,-0.19007
2327.01,517.478,INTERNALPLANE2,BOTTOMLAYER,0.00986708,0.00989274,-0.19007
2327.01,576.533,TOPLAYER,INTERNALPLANE1,0.00955262,0.00960338,-0.37613
2327.01,576.533,INTERNALPLANE1,INTERNALPLANE2,0.00960338,0.0102633,-0.37613
2327.01,576.533,INTERNALPLANE2,BOTTOMLAYER,0.0102633,0.0103141,-0.37613
2327.01,645.43,TOPLAYER,INTERNALPLANE1,0.0104982,0.0104982,-2.57055e-14
2327.01,645.43,INTERNALPLANE1,INTERNALPLANE2,0.0104982,0.0104982,-3.36149e-14
2327.01,645.43,INTERNALPLANE2,BOTTOMLAYER,0.0104982,0.0104982,-2.57055e-14
2341.8,262.931,TOPLAYER,INTERNALPLANE1,0,0,-0
2341.8,262.931,INTERNALPLANE1,INTERNALPLANE2,0,0,-0
2341.8,262.931,INTERNALPLANE2,BOTTOMLAYER,0,0,-0
2343.37,448.577,TOPLAYER,INTERNALPLANE1,0.00815891,0.0082411,-0.608913
2343.37,448.577,INTERNALPLANE1,INTERNALPLANE2,0.0082411,0.00930949,-0.608913
2343.37,448.577,INTERNALPLANE2,BOTTOMLAYER,0.00930949,0.00939168,-0.608913
2386.07,704.486,TOPLAYER,INTERNALPLANE1,0.00998632,0.00998632,-3.85583e-14
2386.07,704.486,INTERNALPLANE1,INTERNALPLANE2,0.00998632,0.00998632,-3.06489e-14
2386.07,704.486,INTERNALPLANE2,BOTTOMLAYER,0.00998632,0.00998632,-2.57055e-14
2405.75,350.155,TOPLAYER,INTERNALPLANE1,0.00466034,0.00466412,-0.0279995
2405.75,350.155,INTERNALPLANE1,INTERNALPLANE2,0.00466412,0.00471325,-0.0279995
2405.75,350.155,INTERNALPLANE2,BOTTOMLAYER,0.00471325,0.00471703,-0.0279995
2415.59,645.43,TOPLAYER,INTERNALPLANE1,0.00945451,0.00945451,-1.28528e-14
2415.59,645.43,INTERNALPLANE1,INTERNALPLANE2,0.00945451,0.00945451,-5.93205e-15
2415.59,645.43,INTERNALPLANE2,BOTTOMLAYER,0.00945451,0.00945451,-1.28528e-14
2424.17,574.496,TOPLAYER,INTERNALPLANE1,0.00941008,0.00937084,0.290742
2424.17,574.496,INTERNALPLANE1,INTERNALPLANE2,0.00937084,0.00886071,0.290742
2424.17,574.496,INTERNALPLANE2,BOTTOMLAYER,0.00886071,0.00882147,0.290742
2445.12,783.226,TOPLAYER,INTERNALPLANE1,0.013049,0.0130798,-0.228299
2445.12,783.226,INTERNALPLANE1,INTERNALPLANE2,0.0130798,0.0134804,-0.228299
2445.12,783.226,INTERNALPLANE2,BOTTOMLAYER,0.0134804,0.0135112,-0.228299
2445.12,1019.45,TOPLAYER,INTERNALPLANE1,0.0141508,0.0141409,0.0731017
2445.12,1019.45,INTERNALPLANE1,INTERNALPLANE2,0.0141409,0.0140127,0.0731017
2445.12,1019.45,INTERNALPLANE2,BOTTOMLAYER,0.0140127,0.0140028,0.0731017
2445.12,1255.67,TOPLAYER,INTERNALPLANE1,0.0143533,0.0143439,0.0694856
2445.12,1255.67,INTERNALPLANE1,INTERNALPLANE2,0.0143439,0.014222,0.0694856
2445.12,1255.67,INTERNALPLANE2,BOTTOMLAYER,0.014222,0.0142126,0.0694856
2445.12,1491.89,TOPLAYER,INTERNALPLANE1,0.0143776,0.0143729,0.0343719
2445.12,1491.89,INTERNALPLANE1,INTERNALPLANE2,0.0143729,0.0143126,0.0343719
2445.12,1491.89,INTERNALPLANE2,BOTTOMLAYER,0.0143126,0.014308,0.0343719
2445.12,1728.11,TOPLAYER,INTERNALPLANE1,0.0143917,0.0143893,0.0176365
2445.12,1728.11,INTERNALPLANE1,INTERNALPLANE2,0.0143893,0.0143583,0.0176365
2445.12,1728.11,INTERNALPLANE2,BOTTOMLAYER,0.0143583,0.014356,0.0176365
2445.12,1964.33,TOPLAYER,INTERNALPLANE1,0.0143981,0.0143969,0.00903936
2445.12,1964.33,INTERNALPLANE1,INTERNALPLANE2,0.0143969,0.014381,0.00903936
2445.12,1964.33,INTERNALPLANE2,BOTTOMLAYER,0.014381,0.0143798,0.00903936
2445.12,2200.55,TOPLAYER,INTERNALPLANE1,0.0144003,0.0143997,0.00458226
2445.12,2200.55,INTERNALPLANE1,INTERNALPLANE2,0.0143997,0.0143917,0.00458226
2445.12,2200.55,INTERNALPLANE2,BOTTOMLAYER,0.0143917,0.0143911,0.00458226
2445.12,2436.77,TOPLAYER,INTERNALPLANE1,0.0144005,0.0144002,0.00230092
2445.12,2436.77,INTERNALPLANE1,INTERNALPLANE2,0.0144002,0.0143961,0.00230092
2445.12,2436.77,INTERNALPLANE2,BOTTOMLAYER,0.0143961,0.0143958,0.00230092
2445.12,2672.99,TOPLAYER,INTERNALPLANE1,0.0143997,0.0143995,0.00114864
2445.12,2672.99,INTERNALPLANE1,INTERNALPLANE2,0.0143995,0.0143975,0.00114864
2445.12,2672.99,INTERNALPLANE2,BOTTOMLAYER,0.0143975,0.0143974,0.00114864
2445.12,2909.21,TOPLAYER,INTERNALPLANE1,0.0143985,0.0143984,0.000572823
2445.12,2909.21,INTERNALPLANE1,INTERNALPLANE2,0.0143984,0.0143974,0.000572823
2445.12,2909.21,INTERNALPLANE2,BOTTOMLAYER,0.0143974,0.0143974,0.000572823
2445.12,3145.43,TOPLAYER,INTERNALPLANE1,0.0143973,0.0143973,0.000288855
2445.12,3145.43,INTERNALPLANE1,INTERNALPLANE2,0.0143973,0.0143968,0.000288855
2445.12,3145.43,INTERNALPLANE2,BOTTOMLAYER,0.0143968,0.0143967,0.000288855
2445.12,3381.65,TOPLAYER,INTERNALPLANE1,0.0143963,0.0143963,0.000153918
2445.12,3381.65,INTERNALPLANE1,INTERNALPLANE2,0.0143963,0.014396,0.000153918
2445.12,3381.65,INTERNALPLANE2,BOTTOMLAYER,0.014396,0.014396,0.000153918
2445.12,3617.87,TOPLAYER,INTERNALPLANE1,0.0143956,0.0143956,9.96518e-05
2445.12,3617.87,INTERNALPLANE1,INTERNALPLANE2,0.0143956,0.0143954,9.96518e-05
2445.12,3617.87,INTERNALPLANE2,BOTTOMLAYER,0.0143954,0.0143954,9.96518e-05
2454.96,350.155,TOPLAYER,INTERNALPLANE1,0.00477881,0.00479952,-0.15348
2454.96,350.155,INTERNALPLANE1,INTERNALPLANE2,0.00479952,0.00506882,-0.15348
2454.96,350.155,INTERNALPLANE2,BOTTOMLAYER,0.00506882,0.00508953,-0.15348
2484.49,714.328,TOPLAYER,INTERNALPLANE1,0.0132776,0.0132776,-3.85583e-14
2484.49,714.328,INTERNALPLANE1,INTERNALPLANE2,0.0132776,0.0132776,-4.15243e-14
2484.49,714.328,INTERNALPLANE2,BOTTOMLAYER,0.0132776,0.0132776,-3.85583e-14
2523.86,350.155,TOPLAYER,INTERNALPLANE1,0.00504574,0.00513443,-0.657124
2523.86,350.155,INTERNALPLANE1,INTERNALPLANE2,0.00513443,0.00628742,-0.657124
2523.86,350.155,INTERNALPLANE2,BOTTOMLAYER,0.00628742,0.00637611,-0.657124
2533.7,487.95,TOPLAYER,INTERNALPLANE1,0.0105243,0.0104717,0.389724
2533.7,487.95,INTERNALPLANE1,INTERNALPLANE2,0.0104717,0.00978789,0.389724
2533.7,487.95,INTERNALPLANE2,BOTTOMLAYER,0.00978789,0.00973529,0.389724
2533.7,537.163,TOPLAYER,INTERNALPLANE1,0.0107932,0.0108471,-0.399516
2533.7,537.163,INTERNALPLANE1,INTERNALPLANE2,0.0108471,0.0115481,-0.399516
2533.7,537.163,INTERNALPLANE2,BOTTOMLAYER,0.0115481,0.011602,-0.399516
2533.7,635.588,TOPLAYER,INTERNALPLANE1,0.012716,0.012716,-1.28528e-14
2533.7,635.588,INTERNALPLANE1,INTERNALPLANE2,0.012716,0.012716,-8.89807e-15
2533.7,635.588,INTERNALPLANE2,BOTTOMLAYER,0.012716,0.012716,-0
2538.57,257.749,TOPLAYER,INTERNALPLANE1,0.00455405,0.00455405,-1.28528e-14
2538.57,257.749,INTERNALPLANE1,INTERNALPLANE2,0.00455405,0.00455405,-1.48301e-14
2538.57,257.749,INTERNALPLANE2,BOTTOMLAYER,0.00455405,0.00455405,-6.42638e-15
2681.34,783.226,TOPLAYER,INTERNALPLANE1,0.0136698,0.0136728,-0.0225797
2681.34,783.226,INTERNALPLANE1,INTERNALPLANE2,0.0136728,0.0137124,-0.0225797
2681.34,783.226,INTERNALPLANE2,BOTTOMLAYER,0.0137124,0.0137155,-0.0225797
2681.34,1019.45,TOPLAYER,INTERNALPLANE1,0.0144319,0.0144131,0.139202
2681.34,1019.45,INTERNALPLANE1,INTERNALPLANE2,0.0144131,0.0141688,0.139202
2681.34,1019.45,INTERNALPLANE2,BOTTOMLAYER,0.0141688,0.01415,0.139202
2681.34,1255.67,TOPLAYER,INTERNALPLANE1,0.014489,0.0144785,0.0777527
2681.34,1255.67,INTERNALPLANE1,INTERNALPLANE2,0.0144785,0.0143421,0.0777527
2681.34,1255.67,INTERNALPLANE2,BOTTOMLAYER,0.0143421,0.0143316,0.0777527
2681.34,1491.89,TOPLAYER,INTERNALPLANE1,0.0144906,0.0144849,0.0421259
2681.34,1491.89,INTERNALPLANE1,INTERNALPLANE2,0.0144849,0.014411,0.0421259
2681.34,1491.89,INTERNALPLANE2,BOTTOMLAYER,0.014411,0.0144053,0.0421259
2681.34,1728.11,TOPLAYER,INTERNALPLANE1,0.0144739,0.014471,0.0217531
2681.34,1728.11,INTERNALPLANE1,INTERNALPLANE2,0.014471,0.0144328,0.0217531
2681.34,1728.11,INTERNALPLANE2,BOTTOMLAYER,0.0144328,0.0144299,0.0217531
2681.34,1964.33,TOPLAYER,INTERNALPLANE1,0.0144566,0.0144552,0.0109031
2681.34,1964.33,INTERNALPLANE1,INTERNALPLANE2,0.0144552,0.0144361,0.0109031
2681.34,1964.33,INTERNALPLANE2,BOTTOMLAYER,0.0144361,0.0144346,0.0109031
2681.34,2200.55,TOPLAYER,INTERNALPLANE1,0.0144428,0.0144421,0.00539483
2681.34,2200.55,INTERNALPLANE1,INTERNALPLANE2,0.0144421,0.0144326,0.00539483
2681.34,2200.55,INTERNALPLANE2,BOTTOMLAYER,0.0144326,0.0144319,0.00539483
2681.34,2436.77,TOPLAYER,INTERNALPLANE1,0.0144322,0.0144318,0.00265683
2681.34,2436.77,INTERNALPLANE1,INTERNALPLANE2,0.0144318,0.0144272,0.00265683
2681.34,2436.77,INTERNALPLANE2,BOTTOMLAYER,0.0144272,0.0144268,0.00265683
2681.34,2672.99,TOPLAYER,INTERNALPLANE1,0.0144241,0.0144239,0.00130724
2681.34,2672.99,INTERNALPLANE1,INTERNALPLANE2,0.0144239,0.0144216,0.00130724
2681.34,2672.99,INTERNALPLANE2,BOTTOMLAYER,0.0144216,0.0144214,0.00130724
2681.34,2909.21,TOPLAYER,INTERNALPLANE1,0.0144179,0.0144178,0.000644536
2681.34,2909.21,INTERNALPLANE1,INTERNALPLANE2,0.0144178,0.0144167,0.000644536
2681.34,2909.21,INTERNALPLANE2,BOTTOMLAYER,0.0144167,0.0144166,0.000644536
2681.34,3145.43,TOPLAYER,INTERNALPLANE1,0.0144133,0.0144132,0.000321375
2681.34,3145.43,INTERNALPLANE1,INTERNALPLANE2,0.0144132,0.0144127,0.000321375
2681.34,3145.43,INTERNALPLANE2,BOTTOMLAYER,0.0144127,0.0144126,0.000321375
2681.34,3381.65,TOPLAYER,INTERNALPLANE1,0.01441,0.01441,0.00016864
2681.34,3381.65,INTERNALPLANE1,INTERNALPLANE2,0.01441,0.0144097,0.00016864
2681.34,3381.65,INTERNALPLANE2,BOTTOMLAYER,0.0144097,0.0144097,0.00016864
2681.34,3617.87,TOPLAYER,INTERNALPLANE1,0.0144081,0.0144081,0.000106898
2681.34,3617.87,INTERNALPLANE1,INTERNALPLANE2,0.0144081,0.0144079,0.000106898
2681.34,3617.87,INTERNALPLANE2,BOTTOMLAYER,0.0144079,0.0144079,0.000106898
2917.56,783.226,TOPLAYER,INTERNALPLANE1,0.0142417,0.014236,0.0422026
2917.56,783.226,INTERNALPLANE1,INTERNALPLANE2,0.014236,0.014162,0.0422026
2917.56,783.226,INTERNALPLANE2,BOTTOMLAYER,0.014162,0.0141563,0.0422026
2917.56,1019.45,TOPLAYER,INTERNALPLANE1,0.0148291,0.0148019,0.201165
2917.56,1019.45,INTERNALPLANE1,INTERNALPLANE2,0.0148019,0.014449,0.201165
2917.56,1019.45,INTERNALPLANE2,BOTTOMLAYER,0.014449,0.0144218,0.201165
2917.56,1255.67,TOPLAYER,INTERNALPLANE1,0.0147142,0.0147007,0.100085
2917.56,1255.67,INTERNALPLANE1,INTERNALPLANE2,0.0147007,0.0145251,0.100085
2917.56,1255.67,INTERNALPLANE2,BOTTOMLAYER,0.0145251,0.0145116,0.100085
2917.56,1491.89,TOPLAYER,INTERNALPLANE1,0.0146388,0.0146313,0.0558973
2917.56,1491.89,INTERNALPLANE1,INTERNALPLANE2,0.0146313,0.0145332,0.0558973
2917.56,1491.89,INTERNALPLANE2,BOTTOMLAYER,0.0145332,0.0145256,0.0558973
2917.56,1728.11,TOPLAYER,INTERNALPLANE1,0.0145653,0.0145617,0.0271761
2917.56,1728.11,INTERNALPLANE1,INTERNALPLANE2,0.0145617,0.014514,0.0271761
2917.56,1728.11,INTERNALPLANE2,BOTTOMLAYER,0.014514,0.0145103,0.0271761
2917.56,1964.33,TOPLAYER,INTERNALPLANE1,0.0145167,0.0145149,0.0130012
2917.56,1964.33,INTERNALPLANE1,INTERNALPLANE2,0.0145149,0.0144921,0.0130012
2917.56,1964.33,INTERNALPLANE2,BOTTOMLAYER,0.0144921,0.0144903,0.0130012
2917.56,2200.55,TOPLAYER,INTERNALPLANE1,0.0144846,0.0144838,0.00623804
2917.56,2200.55,INTERNALPLANE1,INTERNALPLANE2,0.0144838,0.0144729,0.00623804
2917.56,2200.55,INTERNALPLANE2,BOTTOMLAYER,0.0144729,0.014472,0.00623804
2917.56,2436.77,TOPLAYER,INTERNALPLANE1,0.0144627,0.0144623,0.00301304
2917.56,2436.77,INTERNALPLANE1,INTERNALPLANE2,0.0144623,0.014457,0.00301304
2917.56,2436.77,INTERNALPLANE2,BOTTOMLAYER,0.014457,0.0144566,0.00301304
2917.56,2672.99,TOPLAYER,INTERNALPLANE1,0.0144472,0.014447,0.00146412
2917.56,2672.99,INTERNALPLANE1,INTERNALPLANE2,0.014447,0.0144444,0.00146412
2917.56,2672.99,INTERNALPLANE2,BOTTOMLAYER,0.0144444,0.0144443,0.00146412
2917.56,2909.21,TOPLAYER,INTERNALPLANE1,0.014436,0.0144359,0.000714844
2917.56,2909.21,INTERNALPLANE1,INTERNALPLANE2,0.0144359,0.0144347,0.000714844
2917.56,2909.21,INTERNALPLANE2,BOTTOMLAYER,0.0144347,0.0144346,0.000714844
2917.56,3145.43,TOPLAYER,INTERNALPLANE1,0.014428,0.014428,0.000352064
2917.56,3145.43,INTERNALPLANE1,INTERNALPLANE2,0.014428,0.0144274,0.000352064
2917.56,3145.43,INTERNALPLANE2,BOTTOMLAYER,0.0144274,0.0144273,0.000352064
2917.56,3381.65,TOPLAYER,INTERNALPLANE1,0.0144226,0.0144226,0.000180849
2917.56,3381.65,INTERNALPLANE1,INTERNALPLANE2,0.0144226,0.0144223,0.000180849
2917.56,3381.65,INTERNALPLANE2,BOTTOMLAYER,0.0144223,0.0144223,0.000180849
2917.56,3617.87,TOPLAYER,INTERNALPLANE1,0.0144194,0.0144194,0.00011103
2917.56,3617.87,INTERNALPLANE1,INTERNALPLANE2,0.0144194,0.0144192,0.00011103
2917.56,3617.87,INTERNALPLANE2,BOTTOMLAYER,0.0144192,0.0144192,0.00011103
3153.78,783.226,TOPLAYER,INTERNALPLANE1,0.0149125,0.0148833,0.216123
3153.78,783.226,INTERNALPLANE1,INTERNALPLANE2,0.0148833,0.0145041,0.216123
3153.78,783.226,INTERNALPLANE2,BOTTOMLAYER,0.0145041,0.014475,0.216123
3153.78,1019.45,TOPLAYER,INTERNALPLANE1,0.0152159,0.0151846,0.2317
3153.78,1019.45,INTERNALPLANE1,INTERNALPLANE2,0.0151846,0.0147781,0.2317
3153.78,1019.45,INTERNALPLANE2,BOTTOMLAYER,0.0147781,0.0147468,0.2317
3153.78,1255.67,TOPLAYER,INTERNALPLANE1,0.0150816,0.0150577,0.177069
3153.78,1255.67,INTERNALPLANE1,INTERNALPLANE2,0.0150577,0.014747,0.177069
3153.78,1255.67,INTERNALPLANE2,BOTTOMLAYER,0.014747,0.0147231,0.177069
3153.78,1491.89,TOPLAYER,INTERNALPLANE1,0.0147856,0.0147759,0.0720541
3153.78,1491.89,INTERNALPLANE1,INTERNALPLANE2,0.0147759,0.0146495,0.0720541
3153.78,1491.89,INTERNALPLANE2,BOTTOMLAYER,0.0146495,0.0146398,0.0720541
3153.78,1728.11,TOPLAYER,INTERNALPLANE1,0.014644,0.0146397,0.0316373
3153.78,1728.11,INTERNALPLANE1,INTERNALPLANE2,0.0146397,0.0145842,0.0316373
3153.78,1728.11,INTERNALPLANE2,BOTTOMLAYER,0.0145842,0.0145799,0.0316373
3153.78,1964.33,TOPLAYER,INTERNALPLANE1,0.014567,0.014565,0.0145115
3153.78,1964.33,INTERNALPLANE1,INTERNALPLANE2,0.014565,0.0145395,0.0145115
3153.78,1964.33,INTERNALPLANE2,BOTTOMLAYER,0.0145395,0.0145376,0.0145115
3153.78,2200.55,TOPLAYER,INTERNALPLANE1,0.01452,0.014519,0.00684892
3153.78,2200.55,INTERNALPLANE1,INTERNALPLANE2,0.014519,0.014507,0.00684892
3153.78,2200.55,INTERNALPLANE2,BOTTOMLAYER,0.014507,0.0145061,0.00684892
3153.78,2436.77,TOPLAYER,INTERNALPLANE1,0.0144887,0.0144882,0.00328997
3153.78,2436.77,INTERNALPLANE1,INTERNALPLANE2,0.0144882,0.0144825,0.00328997
3153.78,2436.77,INTERNALPLANE2,BOTTOMLAYER,0.0144825,0.014482,0.00328997
3153.78,2672.99,TOPLAYER,INTERNALPLANE1,0.0144669,0.0144667,0.00159548
3153.78,2672.99,INTERNALPLANE1,INTERNALPLANE2,0.0144667,0.0144639,0.00159548
3153.78,2672.99,INTERNALPLANE2,BOTTOMLAYER,0.0144639,0.0144637,0.00159548
3153.78,2909.21,TOPLAYER,INTERNALPLANE1,0.0144514,0.0144513,0.000775717
3153.78,2909.21,INTERNALPLANE1,INTERNALPLANE2,0.0144513,0.0144499,0.000775717
3153.78,2909.21,INTERNALPLANE2,BOTTOMLAYER,0.0144499,0.0144498,0.000775717
3153.78,3145.43,TOPLAYER,INTERNALPLANE1,0.0144405,0.0144404,0.000376402
3153.78,3145.43,INTERNALPLANE1,INTERNALPLANE2,0.0144404,0.0144398,0.000376402
3153.78,3145.43,INTERNALPLANE2,BOTTOMLAYER,0.0144398,0.0144397,0.000376402
3153.78,3381.65,TOPLAYER,INTERNALPLANE1,0.0144332,0.0144332,0.000186583
3153.78,3381.65,INTERNALPLANE1,INTERNALPLANE2,0.0144332,0.0144328,0.000186583
3153.78,3381.65,INTERNALPLANE2,BOTTOMLAYER,0.0144328,0.0144328,0.000186583
3153.78,3617.87,TOPLAYER,INTERNALPLANE1,0.0144288,0.0144288,0.000108646
3153.78,3617.87,INTERNALPLANE1,INTERNALPLANE2,0.0144288,0.0144286,0.000108646
3153.78,3617.87,INTERNALPLANE2,BOTTOMLAYER,0.0144286,0.0144286,0.000108646
3390,783.226,TOPLAYER,INTERNALPLANE1,0.0156444,0.0156293,0.112006
3390,783.226,INTERNALPLANE1,INTERNALPLANE2,0.0156293,0.0154328,0.112006
3390,783.226,INTERNALPLANE2,BOTTOMLAYER,0.0154328,0.0154176,0.112006
3390,1019.45,TOPLAYER,INTERNALPLANE1,0.0154728,0.0154448,0.207473
3390,1019.45,INTERNALPLANE1,INTERNALPLANE2,0.0154448,0.0150808,0.207473
3390,1019.45,INTERNALPLANE2,BOTTOMLAYER,0.0150808,0.0150528,0.207473
3390,1255.67,TOPLAYER,INTERNALPLANE1,0.0152331,0.0152075,0.189788
3390,1255.67,INTERNALPLANE1,INTERNALPLANE2,0.0152075,0.0148745,0.189788
3390,1255.67,INTERNALPLANE2,BOTTOMLAYER,0.0148745,0.0148488,0.189788
3390,1491.89,TOPLAYER,INTERNALPLANE1,0.0148336,0.0148242,0.0696132
3390,1491.89,INTERNALPLANE1,INTERNALPLANE2,0.0148242,0.0147021,0.0696132
3390,1491.89,INTERNALPLANE2,BOTTOMLAYER,0.0147021,0.0146927,0.0696132
3390,1728.11,TOPLAYER,INTERNALPLANE1,0.0146808,0.0146766,0.0310317
3390,1728.11,INTERNALPLANE1,INTERNALPLANE2,0.0146766,0.0146222,0.0310317
3390,1728.11,INTERNALPLANE2,BOTTOMLAYER,0.0146222,0.014618,0.0310317
3390,1964.33,TOPLAYER,INTERNALPLANE1,0.0145973,0.0145954,0.0146065
3390,1964.33,INTERNALPLANE1,INTERNALPLANE2,0.0145954,0.0145697,0.0146065
3390,1964.33,INTERNALPLANE2,BOTTOMLAYER,0.0145697,0.0145678,0.0146065
3390,2200.55,TOPLAYER,INTERNALPLANE1,0.014544,0.0145431,0.00707133
3390,2200.55,INTERNALPLANE1,INTERNALPLANE2,0.0145431,0.0145307,0.00707133
3390,2200.55,INTERNALPLANE2,BOTTOMLAYER,0.0145307,0.0145297,0.00707133
3390,2436.77,TOPLAYER,INTERNALPLANE1,0.0145073,0.0145069,0.00346214
3390,2436.77,INTERNALPLANE1,INTERNALPLANE2,0.0145069,0.0145008,0.00346214
3390,2436.77,INTERNALPLANE2,BOTTOMLAYER,0.0145008,0.0145003,0.00346214
3390,2672.99,TOPLAYER,INTERNALPLANE1,0.0144813,0.0144811,0.00169854
3390,2672.99,INTERNALPLANE1,INTERNALPLANE2,0.0144811,0.0144781,0.00169854
3390,2672.99,INTERNALPLANE2,BOTTOMLAYER,0.0144781,0.0144779,0.00169854
3390,2909.21,TOPLAYER,INTERNALPLANE1,0.0144627,0.0144626,0.000826087
3390,2909.21,INTERNALPLANE1,INTERNALPLANE2,0.0144626,0.0144612,0.000826087
3390,2909.21,INTERNALPLANE2,BOTTOMLAYER,0.0144612,0.014461,0.000826087
3390,3145.43,TOPLAYER,INTERNALPLANE1,0.0144496,0.0144496,0.000389137
3390,3145.43,INTERNALPLANE1,INTERNALPLANE2,0.0144496,0.0144489,0.000389137
3390,3145.43,INTERNALPLANE2,BOTTOMLAYER,0.0144489,0.0144488,0.000389137
3390,3381.65,TOPLAYER,INTERNALPLANE1,0.0144409,0.0144409,0.000177484
3390,3381.65,INTERNALPLANE1,INTERNALPLANE2,0.0144409,0.0144405,0.000177484
3390,3381.65,INTERNALPLANE2,BOTTOMLAYER,0.0144405,0.0144405,0.000177484
3390,3617.87,TOPLAYER,INTERNALPLANE1,0.0144357,0.0144357,9.41258e-05
3390,3617.87,INTERNALPLANE1,INTERNALPLANE2,0.0144357,0.0144356,9.41258e-05
3390,3617.87,INTERNALPLANE2,BOTTOMLAYER,0.0144356,0.0144355,9.41258e-05
3626.22,1728.11,TOPLAYER,INTERNALPLANE1,0.014675,0.0146714,0.0262256
3626.22,1728.11,INTERNALPLANE1,INTERNALPLANE2,0.0146714,0.0146254,0.0262256
3626.22,1728.11,INTERNALPLANE2,BOTTOMLAYER,0.0146254,0.0146219,0.0262256
3626.22,1964.33,TOPLAYER,INTERNALPLANE1,0.014608,0.0146061,0.0139165
3626.22,1964.33,INTERNALPLANE1,INTERNALPLANE2,0.0146061,0.0145817,0.0139165
3626.22,1964.33,INTERNALPLANE2,BOTTOMLAYER,0.0145817,0.0145798,0.0139165
3626.22,2200.55,TOPLAYER,INTERNALPLANE1,0.014556,0.0145551,0.00716655
3626.22,2200.55,INTERNALPLANE1,INTERNALPLANE2,0.0145551,0.0145425,0.00716655
3626.22,2200.55,INTERNALPLANE2,BOTTOMLAYER,0.0145425,0.0145415,0.00716655
3626.22,2436.77,TOPLAYER,INTERNALPLANE1,0.0145175,0.014517,0.00362106
3626.22,2436.77,INTERNALPLANE1,INTERNALPLANE2,0.014517,0.0145107,0.00362106
3626.22,2436.77,INTERNALPLANE2,BOTTOMLAYER,0.0145107,0.0145102,0.00362106
3626.22,2672.99,TOPLAYER,INTERNALPLANE1,0.0144894,0.0144891,0.00180456
3626.22,2672.99,INTERNALPLANE1,INTERNALPLANE2,0.0144891,0.014486,0.00180456
3626.22,2672.99,INTERNALPLANE2,BOTTOMLAYER,0.014486,0.0144857,0.00180456
3626.22,2909.21,TOPLAYER,INTERNALPLANE1,0.0144691,0.014469,0.000876929
3626.22,2909.21,INTERNALPLANE1,INTERNALPLANE2,0.014469,0.0144674,0.000876929
3626.22,2909.21,INTERNALPLANE2,BOTTOMLAYER,0.0144674,0.0144673,0.000876929
3626.22,3145.43,TOPLAYER,INTERNALPLANE1,0.0144548,0.0144547,0.000382973
3626.22,3145.43,INTERNALPLANE1,INTERNALPLANE2,0.0144547,0.014454,0.000382973
3626.22,3145.43,INTERNALPLANE2,BOTTOMLAYER,0.014454,0.014454,0.000382973
3626.22,3381.65,TOPLAYER,INTERNALPLANE1,0.0144452,0.0144452,0.000126061
3626.22,3381.65,INTERNALPLANE1,INTERNALPLANE2,0.0144452,0.0144449,0.000126061
3626.22,3381.65,INTERNALPLANE2,BOTTOMLAYER,0.0144449,0.0144449,0.000126061
3766.01,3283.85,TOPLAYER,INTERNALPLANE1,0.0144486,0.0144486,0.000451201
3766.01,3283.85,INTERNALPLANE1,INTERNALPLANE2,0.0144486,0.0144485,0.000451201
3766.01,3283.85,INTERNALPLANE2,BOTTOMLAYER,0.0144485,0.0144485,0.000451201
3766.01,3449.2,TOPLAYER,INTERNALPLANE1,0.0144436,0.0144436,0.000177757
3766.01,3449.2,INTERNALPLANE1,INTERNALPLANE2,0.0144436,0.0144435,0.000177757
3766.01,3449.2,INTERNALPLANE2,BOTTOMLAYER,0.0144435,0.0144435,0.000177757
3766.01,3614.56,TOPLAYER,INTERNALPLANE1,0.0144402,0.0144402,0.000106735
3766.01,3614.56,INTERNALPLANE1,INTERNALPLANE2,0.0144402,0.0144402,0.000106735
3766.01,3614.56,INTERNALPLANE2,BOTTOMLAYER,0.0144402,0.0144402,0.000106735
3766.01,3779.91,TOPLAYER,INTERNALPLANE1,0.0144384,0.0144384,8.82929e-05
3766.01,3779.91,INTERNALPLANE1,INTERNALPLANE2,0.0144384,0.0144384,8.82929e-05
3766.01,3779.91,INTERNALPLANE2,BOTTOMLAYER,0.0144384,0.0144384,8.82929e-05
3862.44,783.226,TOPLAYER,INTERNALPLANE1,0.0197472,0.0196876,0.441844
3862.44,783.226,INTERNALPLANE1,INTERNALPLANE2,0.0196876,0.0189123,0.441844
3862.44,783.226,INTERNALPLANE2,BOTTOMLAYER,0.0189123,0.0188527,0.441844
3862.44,1255.67,TOPLAYER,INTERNALPLANE1,0.0199388,0.0198879,0.377008
3862.44,1255.67,INTERNALPLANE1,INTERNALPLANE2,0.0198879,0.0192264,0.377008
3862.44,1255.67,INTERNALPLANE2,BOTTOMLAYER,0.0192264,0.0191755,0.377008
3931.37,3449.2,TOPLAYER,INTERNALPLANE1,11.9365,11.9365,-7.4802e-10
3931.37,3449.2,INTERNALPLANE1,INTERNALPLANE2,11.9365,11.9365,-7.4802e-10
3931.37,3449.2,INTERNALPLANE2,BOTTOMLAYER,11.9365,11.9365,-7.4802e-10
3931.37,3614.56,TOPLAYER,INTERNALPLANE1,11.9365,11.9365,-1.66227e-10
3931.37,3614.56,INTERNALPLANE1,INTERNALPLANE2,11.9365,11.9365,-5.754e-11
3931.37,3614.56,INTERNALPLANE2,BOTTOMLAYER,11.9365,11.9365,-8.31133e-11
3931.37,3779.91,TOPLAYER,INTERNALPLANE1,11.9365,11.9365,-8.31133e-11
3931.37,3779.91,INTERNALPLANE1,INTERNALPLANE2,11.9365,11.9365,1.918e-11
3931.37,3779.91,INTERNALPLANE2,BOTTOMLAYER,11.9365,11.9365,-0
